Transaction Statement ,,,,,,,
Duration,"03 Sept, 2026 - 03 Oct, 2026",,,,,,
,,,,,,,
Date,Time,Transaction Details,Transaction ID,UTR,Transaction Type,Credit/debit instrument,Amount
"Oct 03, 2026",2:18 PM,Paid to STANDARD SERVICES,T2610031418142732000001,100000000001,DEBIT,Paid by XXXXXX0000,1500
"Sept 30, 2026",5:58 PM,Paid to CTRLX TECHNOLOGIES PRIVATE LIMITED,T2609301758477367500002,100000000002,DEBIT,Paid by XXXXXX1111,313.95
"Sept 17, 2026",5:08 PM,Credit card bill paid XXXXXXXXXXXX0000,NB26091717075979900003,100000000003,DEBIT,Paid by XXXXXX0000,2497
"Sept 14, 2026",1:45 PM,Received from ASHA RAO,T2609141345511095700004,100000000004,CREDIT,Credited to XXXXXX0000,10000
"Sept 13, 2026",7:42 PM,Payment to SPORTA TECHNOLOGIES PRIVATE LIMITED,OLEX2609131942271282700005,100000000005,DEBIT,Paid by XXXXXX0000,129
"Sept 06, 2026",12:13 AM,Paid to Blinkit,T2609060013546474900006,100000000006,DEBIT,Paid by XXXXXX0000,1019
"Sept 04, 2026",9:23 AM,Transfer to XXXXXX0000,T2609040923557755200007,100000000007,DEBIT,Paid by XXXXXX1111,40000
,,,,,,,
This is an automatically generated statement. Customer(s) are requested to immediately notify PhonePe in case,,,,,,,
of any errors in the statement at https://support.phonepe.com/statement and visit https://www.phonepe.com/,,,,,,,
,,,,,,,
Disclaimer : Do not fall prey to fictitious offers of winning prizes,money circulation schemes and cheap funds,,,,,,
etc. through SMS,emails and calls. The contents of this email and document are confidential and intended for,,,,,,
